,comment_parent_id,comment_body,comment_link_id
0,t3_84anfy,"When I was 5 my mom read me Georgeâ€™s Secret Key to the Universe, that book shaped my earliest years, making me obsessed with being as smart as Stephen Hawking. Thank you Mr. Hawking, and Iâ€™m so sorry Lucy Hawking for your loss.",t3_84anfy
1,t3_84anfy,He has been one of the world's most iconic people for my entire life. I cannot recall a time when I didn't know who he was. We just lost a legend.,t3_84anfy
2,t3_84anfy,"For those who don't know, he was diagnosed with ALS when he was 21 years old in 1963.

At the time he was given a life expectancy of 2 years. The man had some serious fight in him",t3_84anfy
3,t3_84anfy,"A quote from him that I think many of you would enjoy: 

""People who boast about their IQ are losers.""",t3_84anfy
4,t3_84anfy,My aunt was diagnosed with ALS 18 months ago. 10 months ago she was driving and now she has a feeding tube. This disease terrifies me and I am so afraid for her. I am so grateful for all the attention Stephen Hawking brought towards ALS. And his cameo on the simpsons. ,t3_84anfy
5,t3_84anfy,"Bloody good effort to make it to 76 with that illness.

Thank you for all your contributions to our world, Stephen.

Rest in peace, mate.",t3_84anfy
6,t3_84anfy,"We just lost one of the greatest scientific minds of our time. But at least we had him for the time that we did, against all odds. 

RIP",t3_84anfy
7,t3_84anfy,"It's kinda surreal reading this, feel weird right now.",t3_84anfy
8,t3_84anfy,"""Although I cannot move, in my mind I am free."" -Stephen Hawking

This is a really random quote that stuck with me forever. I don't have any disease like him, but I still feel trapped and stuck by this body, by a system, by relationships, by responsibilities. So the only way I could escape that is in my mind through writing and creating stories. In my mind, I can do and be and exist however I want.

Rest in Peace, great mind of the century.",t3_84anfy
9,t3_84anfy,"After seeing a trailer for The Theory of Everything, my wife was surprised to find out he had ALS.

Wife: If he is paralyzed how does he write **all** those books?

Me: There's not too many, but I am sure it takes an extremely long time and...

_Short Pause_

Me: You know Stephen Hawking and Stephen King are two different people right?

Wife: Oh...",t3_84anfy
10,t3_84anfy,"Stephen Hawking was born on the 300th anniversary of Galileo's death (January 8th, 1942), and passed away on Albert Einstein's birthdate (March 14th). I can't even begin to describe how cool that is",t3_84anfy
11,t3_84anfy,"Whaaaat? This totally caught me off guard. I actually thought it was fake. 

He gave it a good go though. Expected to die young, lives longer than most. ",t3_84anfy
12,t3_84anfy,"A royal shame. Fantastic though that he stuck with us this long. He may not have believed in life after death, but in the words of Ernest Hemingway, *""Every man has two deaths, when he is buried in the ground and the last time someone says his name. In some ways men can be immortal.""*

Live long Stephen Hawking, live long.",t3_84anfy
13,t3_84anfy,"They gave you 2 years in 1963. God may not play dice with the universe, but you beat the odds anyway.

Rest in peace Professor. ",t3_84anfy
14,t3_84anfy,"Hail to the greatest Min-Maxer of our time! Despite rolling close to a 0 for Constitution, his Intelligence score actually gave him a bonus that allowed him to live far longer than even people with average scores. 

Your accomplishments will echo far beyond the time we got to share with you. Rest in Peace, Professor Hawking",t3_84anfy
15,t3_84anfy,"Rest in peace, Stephen Hawking. Youâ€™re back amongst the stars you loved. ",t3_84anfy
16,t3_84anfy,"Stephen Hawking has always been one of the biggest reasons why I've pursued physics and quantum mechanics. He has served as a reminder that I should never give up on my love of science. I am truly saddened and shocked to hear of his death.

We'll see you on the other side, Stephen. Rest in peace buddy. ",t3_84anfy
17,t3_84anfy,"One, remember to look up at the stars and not down at your feet. Two, never give up work. Work gives you meaning and purpose and life is empty without it. Three, if you are lucky enough to find love, remember it is there and don't throw it away",t3_84anfy
18,t3_84anfy,"I hope he is revered and remembered in the future as much as Einstein, Newton, and the other greats.

He will be sorely missed. Such a great sense of humor. The only guest to have appeared on Star Trek as himself.",t3_84anfy
19,t3_84anfy,[deleted],t3_84anfy
20,t3_84anfy,What an amazing man. Given 2 years to live and makes it to 2018. We were lucky to have him around as long as we did. We just lost a once in a generation mind. ,t3_84anfy
21,t3_84anfy,">**Iâ€™m not afraid of death, but Iâ€™m in no hurry to die. I have so much I want to do first**

Stephen Hawking


A Brief History of Time rocketed Hawking to stardom.   
>Published for the first time in 1988, the title made the Guinness Book of Records after it stayed on the Sunday Times bestsellers list for an unprecedented 237 weeks. 


His life was played out in biographies and documentaries, most recentlyÂ *The Theory of Everything,* in which Eddie Redmayne played him. â€œ**At times I thought he was me**,â€ Hawking said on watching the film. 


BRB gotta watch the movie and feel numb. ",t3_84anfy
22,t3_84anfy,The world has lost a shining star.,t3_84anfy
23,t3_84anfy,"""I believe the simplest explanation is, there is no God. No one created the universe and no one directs our fate. This leads me to a profound realization that there probably is no heaven and no afterlife either. We have this one life to appreciate the grand design of the universe and for that, I am extremely grateful.""

- Stephen Hawking
",t3_84anfy
24,t3_84anfy,"Man, my jaw actually dropped while reading this.

The manâ€™s put through a lot. Iâ€™m glad that he didnâ€™t just pass away, but he passed leaving people inspired and filled with knowledge.",t3_84anfy
25,t3_84anfy,I loved that he had a sense of humor and made several cameos on Futurama and The Simpsons where [they made his character kind of a jerk.](https://youtu.be/AW-p8s_HCCo),t3_84anfy
26,t3_84anfy,"â€œIntelligence is the ability to adapt to change.â€

Couldnâ€™t agree more. ",t3_84anfy
27,t3_84anfy,I got into physics because a brief history of time.  I'm going to graduate this year in aerospace engineering partly because of his book. Rip,t3_84anfy
28,t3_84anfy,"""I have noticed even people who claim everything is predestined, and that we can do nothing to change it, look before they cross the road.""

-RIP Stephen Hawking - He's crossed thousands of scientific roads without looking at all",t3_84anfy
29,t3_84anfy,"Doctors gave him 2 years, but his legacy will last for decades. He made the most of his life, what an incredible man.

I wish I could've met him once in my life, discuss with him around a dinner.",t3_84anfy
30,t3_84anfy,"And he died on 3.14 pi day, or 14.3 over the pond",t3_84anfy
31,t3_84anfy,Who is going to be the next generation's iconic genius? A great loss to mankind. Rest in peace.,t3_84anfy
32,t3_84anfy,"Man what a drag. Wasn't expecting to see this before bed. 

RIP",t3_84anfy
33,t3_84anfy,[deleted],t3_84anfy
34,t3_84anfy,It's incredible to think that someone with that condition could make it that long. We should feel lucky that we got to see his contribution for as long as we did ,t3_84anfy
35,t3_84anfy,"Even though I havenâ€™t read any of his research or his work, I know that he has made a tremendous impact on society and other people.

RIP and thank you for everything youâ€™ve done for our world Professor.",t3_84anfy
36,t3_84anfy,"Diagnosed with ALS in his 20's doctors gave him 5 years to live tops

He managed to make it all the way to 76. On the way he proved that black holes actually emit a form of radiation contrary to the previously held believe that they are inescapable for all forms of matter; and inspired an entire generation of young scientists. Hawking is a model that not just scientists but all people everywhere alike should strive to be like.

When i was growing up, we would call smart people einstein. No doubt Hawking will become the einstein of younger generations, and his legacy remembered forever

RIP Hawking, thank you for everything
",t3_84anfy
37,t3_84anfy,It is uncommon for a single human to effect as many people's lives as Stephen Hawking has. This is devastating to all. May such a magnificent man rest in piece. ,t3_84anfy
38,t3_84anfy,"I did not realize he was 76, already. It seems like... He just seemed that he would continue on, hed already beaten every odd of living. Why not 80, why not 90 even. 76 is freaking amazing though, unbelievable",t3_84anfy
39,t3_84anfy,"He had 2 years to live and nearly made it 50. Insanely great reminder to treat every day like it matters.

Hope his contributions inspire a better generation.",t3_84anfy
40,t3_84anfy,I just canâ€™t believe heâ€™s dead absolutely insane to me. A guy Iâ€™ve known about almost my entire life. Feels surreal. I think this is the first death thatâ€™s hit me this hard. RIP Stephen Hawking by far one of the smartest people to ever live.,t3_84anfy
41,t3_84anfy,"We've lost another brilliant mind,  
A bittersweet goodbye,  
Now Steve can leave his chair behind,  
The Hawk is in the sky.",t3_84anfy
42,t3_84anfy,[deleted],t3_84anfy
43,t3_84anfy,At first I thought this was parody.... it'll be weird to not have him in society ,t3_84anfy
44,t3_84anfy,It's a terrible day for rain.,t3_84anfy
45,t3_84anfy,We still needed him. ,t3_84anfy
46,t3_84anfy,"""The greatest enemy of knowledge is not ignorance, it is the illusion of knowledge."" RIP.

",t3_84anfy
47,t3_84anfy,I hope he gets to see the universe.,t3_84anfy
48,t3_84anfy,Feels surreal right now.,t3_84anfy
49,t3_84anfy,"""We are all now connected by the Internet, like neurons in a giant brain."" - Stephen Hawking, scientist and redditor.",t3_84anfy
50,t3_84anfy,"Rip, man had more fight in him then a raging bull.

For anyone sad or need something more light-hearted, here is [Hawking's character in ERB completely destroying einstein lyrically.](https://www.youtube.com/watch?v=zn7-fVtT16k) (character as in someone playing and representing rather then him playing the role, also is the BEST turn taken out of every ERB ever.)",t3_84anfy
51,t3_84anfy,"The fuck do you say to this? Arguably *the* smartest person is human history is DEAD. 

Is this how people felt when Einstein died?

Rest In Peace, Stephen Hawking",t3_84anfy
52,t3_84anfy,"What a fuckin' dude.

Guy lived a life way beyond what anyone could have possibly expected of him. Took the cards he was dealt and went ""well that's just not fuckin' good enough"".

Legend.",t3_84anfy
53,t3_84anfy,This might be the saddest celebrity death of my life so far. What an amazing man and human being.,t3_84anfy
54,t3_84anfy,"Caught unexpectedly. One of the greatest losses of the generation.

Rest In Peace, Mr. Hawking.",t3_84anfy
55,t3_84anfy,"I just went to a concert tonight, and one of the showstopping numbers includes a quote from Richard Dawkins that I always find very moving. When I came home and found out Stephen Hawking had passed, I was reminded of the quote that so often makes me stop and think. If anyone embodies the sentiment, he does.

""After sleeping through a hundred million centuries we have finally opened our eyes on a sumptuous planet, sparkling with color, bountiful with life. Within decades we must close our eyes again. Isn't it a noble, an enlightened way of spending our brief time in the sun, to work at understanding the universe and how we have come to wake up in it?""",t3_84anfy
56,t3_84anfy,"I appreciate him and all he did but...

Why is this on askreddit?",t3_84anfy
57,t3_84anfy,"He was born exactly 300 years after the death of Galileo, and died on Pi day.

That's enough coincidences that I bet that someone just as brilliant as him, or maybe moreso, was born today.

Or at least I'd like to hope.",t3_84anfy
58,t3_84anfy,"It's a dark day for science. 

Rest in piece Dr. Hawking.",t3_84anfy
59,t3_84anfy,RIP. 'Life would be tragic if it weren't funny'.  https://i.imgur.com/7xoV8sJ.jpg,t3_84anfy
60,t3_84anfy,"Rest well Stephen. 

One man with lives for 55 years with ALS while the rest of the worlds medical professionals struggle to keep patients alive for more than 3. What did Stephen teach his doctor?",t3_84anfy
61,t3_84anfy,Rip mr. Hawking ):,t3_84anfy
62,t3_84anfy,"I looked at this and thought, ""this can't be real"". Then I looked him up and it is all over the news. I mean, this just proves that time flies by. One day, he's teaching people about the multiverse theory and then the next, poof! Man, may he rest in peice.",t3_84anfy
63,t3_84anfy,why is this on askreddit,t3_84anfy
64,t3_84anfy,Does this mean the world is ending?,t3_84anfy
65,t3_84anfy,Why is this on /r/askreddit?,t3_84anfy
66,t3_84anfy,And what is the question?,t3_84anfy
67,t3_84anfy,Why is this posted in r/AskReddit? What is the question?,t3_84anfy
68,t3_84anfy,Rest In Peace,t3_84anfy
69,t3_84anfy,RIP one of the greatest minds to ever lived.,t3_84anfy
70,t3_84anfy,Thank you for everything Stephen.,t3_84anfy
71,t3_84anfy,I shouldn't be as surprised as I am. But... I am. ,t3_84anfy
72,t3_84anfy,Probably the closest thing most of us still living will ever see to an Einstein.,t3_84anfy
73,t3_84anfy,"Reading that he died feels so... strange. Seeing such a brilliant man who pushed through such a serious disease made him so powerful in my mind. He was one of those people that when I saw them, I forgot that people could die. 

Even though I know that he has died, it's just hard to grasp that it happened. ",t3_84anfy
74,t3_84anfy,what does this have to do with ask reddit,t3_84anfy
75,t3_84anfy,"Ok, why is this on /r/AskReddit",t3_84anfy
76,t3_84anfy,"Why is this in /r/AskReddit? 

It's unfortunate news and all, but surely other, more appropriate subs have got this covered. ",t3_84anfy
77,t3_84anfy,"All the top posts are about this 


Why the fuck is it also posted here? This is not a news sub.",t3_84anfy
78,t3_84anfy,"This is a terrible tragedy. Stephen Hawking inspired many, and as long as scientific progress in each and every field he worked in continues, he will never truly be dead in our minds.",t3_84anfy
79,t3_84anfy,This is not a question and not relevant to this subreddit. Why do you think this is the appropriate place for breaking news?,t3_84anfy
80,t3_84anfy,ye but why do you need to post this here?,t3_84anfy
81,t3_84anfy,Why is this in this subreddit? ,t3_84anfy
82,t3_84anfy,[removed],t3_84anfy
83,t3_84anfy,For some reason I thought he was a lot younger. Also I had no idea he had died and came to reddit with the first 4 posts in a row mentioning his death...,t3_84anfy
84,t3_84anfy,This news just made me grateful to have lived during the same time this amazing man did. ,t3_84anfy
85,t3_84anfy,"I watched the movie about his life just yesterday. I'm still in disbelief. What an astonishing, strong willed genius of a man. His contribution to humanity will live long after him. Rest in peace professor Hawking.",t3_84anfy
86,t3_84anfy,"What a great mind, and terrible loss. Right before 3.14 too...",t3_84anfy
87,t3_84anfy,"What we need to remember these days. RIP Professor Hawking.

""The greatest enemy of knowledge is not ignorance, it is the illusion of knowledge.""

",t3_84anfy
88,t3_84anfy,He died on Einstein's Birthday? That's pretty nuts. Sad because it is my birthday too. ,t3_84anfy
89,t3_84anfy,Guess Iâ€™m the smartest person on earth now. ,t3_84anfy
90,t3_84anfy,"He is a unbelievable mind and a true testament to the human spirit. He was able to still contribute so much to the world even with his illness and changed and entire worlds way of thinking by himself. We lost a great man today. It should sadden the whole world with his passing. Rest In Peace. You lived a hard life with that illness and still were able to accomplish much, and the world thanks you for it.",t3_84anfy
91,t3_84anfy,The world needs more people like him.,t3_84anfy
92,t3_84anfy,"He died on Pi day, a true nerd.",t3_84anfy
93,t3_84anfy,Passed on Pi day. Fitting. God speed.,t3_84anfy
94,t3_84anfy,I don't understand the question.,t3_84anfy
95,t3_84anfy,Isn't the purpose of this sub to ask and answer questions?,t3_84anfy
96,t3_84anfy,F,t3_84anfy
97,t3_84anfy,[removed],t3_84anfy
98,t3_84anfy,We lost a brilliant mind today.  I hope to live a life as whole as Dr. Hawking did.,t3_84anfy
99,t3_84anfy,Whatâ€™s the question ,t3_84anfy
100,t3_84anfy,"I'm seeing this in like every other subreddit. Where's the question here? Shouldn't it say something like, ""Stephen Hawking has passed away at 73, how has he impacted your life?"" This is Ask Reddit after all.",t3_84anfy
101,t3_84anfy,Why is this on AskReddit?,t3_84anfy
102,t3_84anfy,"â€œMy expectations were reduced to zero when I was 21. Everything since then has been a bonus."" You were one of the greatest minds of our time. That you had to be clever, kind, and generous was our bonus. May you rest in peace. ",t3_84anfy
103,t3_84anfy,"Wow. There are legacies, and then there is Stephen Hawking. This man's legacy will last for the rest of humanity.",t3_84anfy
104,t3_84anfy,Where's the question here?,t3_84anfy
105,t3_84anfy,How the fuck is this askreddit,t3_84anfy
106,t3_84anfy,What does this have to do with AskReddit? There are other threads about him ya know...,t3_84anfy
107,t3_84anfy,He was a great man. Truly inspirational. At times when I'm facing struggles I think of him. He manage to accomplish so much and live a contentful life even with his severe disease.,t3_84anfy
108,t3_84anfy,I hope humanityâ€™s curiosity for the unknown will stay strong without him.,t3_84anfy
109,t3_84anfy,RIP you beautiful man.,t3_84anfy
110,t3_84anfy,The guy was amazing as a thinker and a contributor to science and specially because of the way he fought his illness. Most people would have died or decided to die decades ago. What a fate: he died on PI day.,t3_84anfy
111,t3_84anfy,Here is a video from CNN: https://youtu.be/uA8GdJJqz_s,t3_84anfy
112,t3_84anfy,"R.I.P
",t3_84anfy
113,t3_84anfy,"A truly brilliant mind.
Itâ€™s so surreal this feeling though. Itâ€™s almost as if I somehow expected him to be around forever.",t3_84anfy
114,t3_84anfy,Rest in peace.,t3_84anfy
115,t3_84anfy,I feel so unprepared for this.,t3_84anfy
116,t3_84anfy,This has certainly been a crazy day. Iâ€™ll always love Dexterâ€™s Labsâ€™ take on â€œProfessor Hawkâ€.,t3_84anfy
117,t3_84anfy,I canâ€™t find the words to describe how I feel right now. ,t3_84anfy
118,t3_84anfy,"Your work has always been theoretical, but the effects of the said work, in our lives, will be very much practical. 

You will be remembered, not for days or years, but until humanity ceases to exist.

Rest in peace Professor Hawking",t3_84anfy
119,t3_84anfy,"For everyone in this thread, I probably stand for a lot of people but, we love you, we adored you. Rest In Peace Forever, you'll never be forgotten...",t3_84anfy
120,t3_84anfy,A beautiful hero to all peoples with special needs & disabilities. See you on the dark side of the moon,t3_84anfy
121,t3_84anfy,What a spectacular person.  I hope that one day his genes unlock not just a way to slow but reverse ALS. ,t3_84anfy
122,t3_84anfy,"We've all been lucky enough to live in a universe that had Stephen Hawking.  The man was not only a pioneer in theoretical physics, but an inspiration to those dehabilitated by disease or other cause.  His legacy will surely live on for millennia.",t3_84anfy
123,t3_84anfy,"The news came out while I was in a University lecture and my brother sent me a text that started with; â€œStephen Hawking diedâ€. I was so surprised that I told my lecturer, because he subscribes to a lot of Stephenâ€™s works, and then he made me stand up to read out loud the text my brother sent me. 

â€œStephen Hawking died. Succumbed to his disability, I assume. To be honest, he shouldâ€™ve corked it fifty years ago. He did pretty well for himself.â€

In front of my entire class, my lecturer, I just had to trail off after â€˜I assumeâ€™. Thanks, bro. Your resounding efforts to be sensitive to every topic are inspiring. ",t3_84anfy
124,t3_84anfy,"On one hand, it's sad cause he's done quite a lot, all things considered, and he's an icon of the past 50 some years, but on the other hand, it's not sad because he had a neuron wasting disease for over 50 years and should have died long ago.",t3_84anfy
125,t3_84anfy,"Oh.

That vauge sense of the world just being a little different now.",t3_84anfy
126,t3_84anfy,Boss was diagnosed in '63 and given a few years to live. Thanks for the knowledge and inspiration. ,t3_84anfy
127,t3_84anfy,Something that really gets to me is thinking about all the kids (and even adults) he has inspired over the years: in the pursuit of scientific discovery and as a symbol for perseverance. Even through his condition he was able to become an icon of or time and shine brighter than the sun through the beauty of his mind. Rest in peace. ,t3_84anfy
128,t3_84anfy,"#Be Curious. 

Thank you professor. We will do our best. ",t3_84anfy
129,t3_84anfy,"I'd like to think his life still radiates.. out of black holes! 
Thank you for everything you've done. Thank you, and we'll all miss you dearly. ",t3_84anfy
130,t3_84anfy,Truly a stand up guy ,t3_84anfy
131,t3_84anfy,Who is the smartest man in the world now? also rip,t3_84anfy
132,t3_84anfy,I always thought if he dies we're pretty much fucked for survival.  RIP.,t3_84anfy
133,t3_84anfy,"Rest in Peace, Mr. Hawking. You will never be forgotten ",t3_84anfy
134,t3_84anfy,"Serious question, what are they going to do with his chair? Put it in a museum? Give it to Elon to fire into space? ",t3_84anfy
135,t3_84anfy,"As someone whose greatest works involved mathematics, I find it poetic that he crossed the event horizon on 3/14 i.e. Pi Day, probably the most famous number in maths.",t3_84anfy
136,t3_84anfy,"I always thought he was kind of a jerk. But dang, this makes me sad. We've lost a legend.",t3_84anfy
137,t3_84anfy,"This hurts me bad. I know he lived longer than he should have, but we lost a mastermind. RIP Mr. Hawking.",t3_84anfy
138,t3_84anfy,"This is a sad way to start Pi Day. As the digits of Pi are infinite, Professor Hawking's legacy is eternal. RIP ",t3_84anfy
139,t3_84anfy,"I was so grateful I got to hear him speak 2 years ago. Today, it hit me harder than ever how incredibly lucky I was. The amount he opened my eyes, from when I was just a child, cannot be exaggerated. The world has suffered an incredible loss, it will be a poorer place without him, but much richer for the work he has done, which will stand the test of time to the same extent as that of Einstein and Galileo, with whom, on this day, he shares even more in common. 
Thank you, Stephen Hawking â¤",t3_84anfy
140,t3_84anfy,"I can remeber watching the science channel when I stayed up passed my bed time as a kid. When one of the shows he hosted would come on I'd loose track of everything around me and be absorbed into the vast universe that he wanted to show me.

It saddens me that as a society we have lost such a genius, but I'm very happy that he lived his life beyond all expectations and spread thought, science, and exploration to the minds of myself and so many others young and old.",t3_84anfy
141,t3_84anfy,"My Dad passed away of the same disease when I was a kid, so Hawking's life and story has always held some sentimental value to me.

His intellect is only outmatched by his humor and positivity. This is the marker of a truly remarkable human being. 

He was able to joke about his regressive state: 'My expectations were reduced to zero when I was 21. Everything since then has been a bonus.'. 

Positive about life: 'However bad life may seem, there is always something you can do, and succeed at. While there's life, there is hope.'

And he always carried a sense of humor: 'The downside of my celebrity is that I cannot go anywhere in the world without being recognized. It is not enough for me to wear dark sunglasses and a wig. The wheelchair gives me away.' 

His life is the kind we can all borrow inspiration from. His passing should remind us all to live our lives following our greatest avocations while playing the cards we are dealt. We have lost a truly, one of a kind human being. 

With that said 'Remember to look up at the stars and not down at your feet.' is what I will leave you with. Rest in Peace. ",t3_84anfy
142,t3_84anfy,"I think it's appropriate that one of the greatest scientists those beat the odds has passed away on pi day... And despite being unable to move, he has moved the humanity forward... 

RIP",t3_84anfy
143,t3_84anfy,"For me he was the one who inspired a you boy in school to science with his book "" a brief history of time """,t3_84anfy
144,t3_84anfy,"Rest in peace, one of the greatest minds of our time. ",t3_84anfy
145,t3_84anfy,"Saw him on T.V. once claim:

""My father wanted me to be a meducal Doctor... in retrospect I would have been a very poor doctor.""

His sense of humor despite the obstacles he faced is a testament to willpower. He is part of the reason I'm becoming a Physicist, truly inspiring.",t3_84anfy
146,t3_84anfy,"""I'm not afraid of death, but I'm in no hurry to die."" Hawking was and still is and will be one of the greatest minds and one of my heroes. ",t3_84anfy
147,t3_84anfy,F,t3_84anfy
148,t3_84anfy,F,t3_84anfy
149,t3_84anfy,"""It would not be much of a universe if it wasn't home to the people you love"" - Stephen Hawking

What an incredible quote from someone who dedicated his life to understanding why and how the universe exists.",t3_84anfy
150,t3_84anfy,"They should put his body on a spacecraft and send him towards Sagittarius A*. It'll be millions of years until he reaches it, but he'll likely be the first/only human to enter a supermassive black hole. RIP",t3_84anfy
151,t3_84anfy,OH shit...,t3_84anfy
152,t3_84anfy,"He wasn't just a great mind, but a great teacher. I mean, a brief history of time is a book about physics, and it was in the #1 bestseller spot for weeks

That doesn't happen unless you are a seriously good teacher

RIP Professor Hawking",t3_84anfy
153,t3_84anfy,Like every popular thread right now is about Hawking. Deserving of such a human being. ,t3_84anfy
154,t3_84anfy,Iâ€™m truly saddened by this news.,t3_84anfy
155,t3_84anfy,"We lost of the greatest people of our time...
It's a true miracle he survived with ALS for so long.",t3_84anfy
156,t3_84anfy,â€œRemember to look up at the stars and not down at your feetâ€ - will do professor ðŸ‘ðŸ»âœ¨ðŸ”­ ,t3_84anfy
157,t3_84anfy,Quiet people have the loudest minds,t3_84anfy
158,t3_84anfy,R.I.P. to one of the most influential scientists ever.,t3_84anfy
159,t3_84anfy,He'll always be remembered. His name is up there with the likes of Einstein,t3_84anfy
160,t3_84anfy,"He is my inspiration. Not was, but *is*. Once an incredibly gifted child, parental abuse, depression and various suicide attempts numbed me down, and they kept the curiousity I once had for the world on lowlight. Everybody always told me I would make it big, but I wasn't equipped to use my intelligence to its fullest potential, let alone see it.

I always dreamed of being a neurologist, of possibly discovering brain transplantation, even during the times I lost my will to live. So that I could find a way to give somebody else my life, my intelligence, just to make sure my life wasn't wasted, and then off myself.

Stephen Hawking reignited that spark in me, that curiosity, that will to carry on. After horribly failing my biology final exam due to a panic attack, I was ready to die. My dream was over. But his stories and his tellings kept me going, the way he looked up to death so peace- and mindfully, the way he had such acceptance for everything. I am currently on the waiting list for my dream university.

Thank you, Professor Hawking, for everything. For giving me back a part of my life, and for how gracefully you lived all of yours. Rest in peace.",t3_84anfy
161,t3_84anfy,"Stephen Hawking once said:

""It would not be much of a universe if it wasnâ€™t home to the people you love.""

Rest in Peace O' Professor. Now the stars are your home. Even though you are no longer with us, the world will remember and love you until the end of humanity.",t3_84anfy
162,t3_84anfy,This is sorta surreal because my sister in law just gave birth too...,t3_84anfy
163,t1_dvo4w8q,"Oh my god, I remember reading that book when I was really young, but I completely forgot its name and I've wanted to know ever since. Thank you for reminding me. I don't remember what was in the book exactly, but it was definitely something that really opened my eyes.",t3_84anfy
164,t1_dvo4w8q,"That book was freaking awesome! It also got me inspired to learn about that, never figured the book out though.",t3_84anfy
165,t1_dvo4w8q,I didn't even know this book existed but I looked it up after reading your comment and I just bought it for my brother. He is fresh out of high school going to college for a major in astrophysics and he got really sad when he heard the news of Hawkings passing :( ,t3_84anfy
166,t1_dvo4w8q,That book is so freaking awesome. It made me go after learning what were some pretty advanced physics concepts for a kid,t3_84anfy
167,t1_dvo4sgd,[removed],t3_84anfy
168,t1_dvo4sgd,"This. He was Science's face, essentially. Pretty amazing considering his disability. 

My favorite quote of his is this: 
""Speech has allowed the communication of ideas, enabling human beings to work together to build the impossible
Mankind's greatest achievements have come about by talking
Our greatest hopes could become reality in the future, with the technology at our disposal, the possibilities are unbounded... All we need to do is make sure we keep talking""

Pink Floyd actually used that in a song IIRC",t3_84anfy
169,t1_dvo4sgd,I'm a bit overwhelmed. It feels really bizarre to know he's gone. Rest in Peace. He will certainly be missed,t3_84anfy
170,t1_dvo4wse,"From the man himself:
>â€œMy expectations were reduced to zero when I was 21. Everything since then has been a bonus.""",t3_84anfy
171,t1_dvo4wse,"Relevant quote:
>I have lived with the prospect of an early death for the last 49 years. I'm not afraid of death, but I'm in no hurry to die. I have so much I want to do first.",t3_84anfy
172,t1_dvo4wse,Yes but what they didnt know was that he had a really slow spreading ALS type which allowed him to live this extrodinary life,t3_84anfy
173,t1_dvo4wse,"I watched a relative die to ALS personally. I experienced it secondhand as he lost his ability to move until eventually he could only move his head. I have to say, it is truly amazing that this man was able to live so long with this terrible condition and accomplish what he did. My relative died in front of me at a young age shortly after being diagnosed. The idea that someone could survive for 50 years with ALS blows my mind",t3_84anfy
174,t1_dvo4wse,Most healthy people don't even live as long as he did. ,t3_84anfy
175,t1_dvo4wse,"And then went on to leave an enormous body of advanced scientific work and three children.

We lost a legend today.",t3_84anfy
176,t1_dvo4wse,Watching this man go through such a struggle just to share his valuable thoughts with the world was so incredibly inspiring. The overwhelming majority of people would hide themselves from the world given these circumstances but he refused to let it affect his life. Truly amazing man right here,t3_84anfy
177,t1_dvo4wse,"""I have noticed even people who claim everything is predestined, and that we can do nothing to change it, look before they cross the road.""",t3_84anfy
178,t1_dvo4wse,[deleted],t3_84anfy
179,t1_dvo4wse,"I never even considered him as being prone to death despite ALS and his age. In my mind he was an immortal super hero.
 His death is a cruel reality check for the science community. May he live on through his invaluable contribution to our world. ",t3_84anfy
180,t1_dvo4wse,[deleted],t3_84anfy
181,t1_dvo5wrc,"I know right? I have an IQ of 300 and even then, I still wouldn't dare boast about it.",t3_84anfy
182,t1_dvo5wrc,"Yeah, those tests are bogus. I got a full 100 in my IQ test and I don't feel any smarter than anyone else.",t3_84anfy
183,t1_dvo5wrc,"Tell this to the recent trend of ""IQ level of 'n' "" posts over at /r/overwatch",t3_84anfy
184,t1_dvo51dr,"I feel for you man. A good friend of mine lost his mother to ALS when he was in grade 10. She was diagnosed for 3 years iirc. It was incredibly tough for him, as well as our friend group. My condolences.",t3_84anfy
185,t1_dvo51dr,My fiance's cousin was diagnosed with ALS last year. He went from perfectly normal to having difficult speaking and barely being able to walk on his own within just a few months. He left his wife knowing it'd be easier for her and the kids if they only visited on occasion. I don't think he will make our wedding this summer. Incredibly sad to see how quickly it takes over.,t3_84anfy
186,t1_dvo51dr,"Doing my Masters dissertation around assistive technology for people with Motor Neurone Disease (ALS) was one of the most depressing points in my life. Having to live through that illness would have completely crushed my spirit.

The fact he survived so long with it is a testament to how determined he was to make the world a better place.",t3_84anfy
187,t1_dvo51dr,"I like the Family Guy one

'I'm telling you this shtick is getting so old, that chair smells dude'. 

'Hey Steve surfs up'

'Alrightttt seeya bitch'.

In all seriousness, he is a immortalized legend RIP.
",t3_84anfy
188,t1_dvo51dr,And lets not forget his cameos on The Big Bang Theory too :),t3_84anfy
189,t1_dvo51dr,And Futurama!,t3_84anfy
190,t1_dvo4p9b,"""We have this one life to appreciate the grand design of the universe and for that, I am extremely grateful."" - Hawking

It is without a doubt in my mind that his accomplishments and spirit will echo throughout eternity.",t3_84anfy
191,t1_dvo4p9b,"All the best of life is fleeting,  
Unexpected, unrepeating.  

What a joy it was to find you.

What a life you leave behind you. ",t3_84anfy
192,t1_dvo4p9b,He died on Pi Day... there's a sort of sad but ironic beauty to that.,t3_84anfy
193,t1_dvo4p9b,He had a good life for someone diagnosed to only live 2 more years in 1962,t3_84anfy
194,t1_dvo4p9b,76 is what I'm hoping to hit and I don't have any sort of illness that I know of.,t3_84anfy
195,t1_dvo4p9b,"Hawking inspired generations. He will be sorely missed.

I only hope that we have some young scientists, from any nation, willing to take on that mission. We desperately need inspiration from those big thinkers.

Musk is in that group but we need more. Ever more, forever more.

Where are they? Let us find them or make them.",t3_84anfy
196,t1_dvo513i,Well said,t3_84anfy
197,t1_dvo4s8x,"Yeah, it's strange. Despite his illness, it never crossed my mind that he'd die at some point soon.",t3_84anfy
198,t1_dvo4s8x,"That's almost word for word what I said to my husband. I'm utterly speechless. 

Edit: It's almost as if I expected him to be around forever or something. I don't know what I'm feeling.",t3_84anfy
199,t1_dvo4s8x,"I agree. Iâ€™m not even in a science field, nor do I know much of anything about science, and it felt surreal to read those words. Rip to a great man with an incredible mind. What he did to advance humanityâ€™s understanding of the universe is completely irreplaceable.",t3_84anfy
200,t1_dvo4s8x,"I haven't really cared for many celebrity deaths over the past few years but this feels weird. I'm not even very scientifically inclined, but I still feel upset to hear this.",t3_84anfy
201,t1_dvo4s8x,It's just not something that one generally thinks about. At least it's not something I ever thought about. He just seemed so eternal. I don't think I'll ever get used to referencing him as now deceased. ,t3_84anfy
202,t1_dvo4s8x,"Yeah, I never thought that he would die this soon :( We have lost one of the greatest people to ever live, Rest In Peace Stephen.",t3_84anfy
203,t1_dvo4s8x,"As sick he was, it never once crossed my mind that he'd actually die. ",t3_84anfy
204,t1_dvo4s8x,"Same. As long as I've been alive he was top science man. Having an intellectual power vacuum at the top feels strange.

I imagine people felt this way when Einstein died.",t3_84anfy
205,t1_dvo4s8x,"Shit lately has been crazy enough, but this on top of it all.. fuckin' sucks. No matter your stance on other things, Hawking was one of the best kind of people the world can hope for.",t3_84anfy
206,t1_dvo6jf8,I'm saving your comment because now I can't stop thinking about what this quote means to me too. ,t3_84anfy
207,t1_dvo6jf8,"I thankfully don't have ALS, but I do have a physical condition that limits my mobility and makes me ill a lot. It affects every aspect of my life, and some days it gets hard. Stephen Hawking's life is a reminder that you can still contribute even if you need extra help. And that no one gets to decide if your life is fulfilling except you.",t3_84anfy
208,t1_dvo6jf8,"This quote is really powerful. I think he knew how to take control of something many of us never learn to use fully. The mind and imagination have more potential than we often give them credit for.

Thank you for inspiring me and so many people. I'll do my best to remember this wisdom forever.",t3_84anfy
209,t1_dvo6jf8,"Oh my god, yes. I forget which mini documentary series it was that used this quote, but it always gave me shivers as Benedict Cumberbatch's voice over took over the last few words. ",t3_84anfy
210,t1_dvo6jf8,"I'm the opposite, I'm fit, I look pretty good, but I suffer from anxiety and depression, have doubts about every action I make and it controls my social life, I need to learn from Hawking",t3_84anfy
211,t1_dvo6jf8,"When I was trapped at home, not allowed to leave by my mother, I would spend hours looking at maps, pretending to be planning long journeys. Then I started writing, living vicariously through my characters. People like him, people with disabilities that managed to be great and loved and important, they inspired me to sneak out to do mundane things like sit in a park for a few minutes. If someone who can't walk can make discoveries and advance science, then someone who can't drive (me) can make friends and be productive too.",t3_84anfy
212,t1_dvo6dsc,Never ever ever ever let her live that down ,t3_84anfy
213,t1_dvo6dsc,My grandma actually confused Stephen Hawking with Anthony Hopkins. ,t3_84anfy
214,t1_dvo6dsc,Your wife sounds hot,t3_84anfy
215,t1_dvo6dsc,Throw Stephen Fry into the mix.,t3_84anfy
216,t1_dvo6ivm,"Wait, did a famous scientist get born today though?  ",t3_84anfy
217,t1_dvo6ivm,"Both lived to 76, with Galileo being the exception at 77.",t3_84anfy
218,t1_dvo6ivm,Which also happens to be Pi (3.14) day!,t3_84anfy
219,t1_dvo6ivm,So 2 exceptional physicists have direct relations to pi day. We did full circle. ,t3_84anfy
220,t1_dvo6ivm,"Would be seriously interesting to keep track of all the babies born near his time of death, I'm sure someone out there is.",t3_84anfy
221,t1_dvo6ivm,He could have died on pretty much any day and a famous person would have either een born or have died on that date.,t3_84anfy
222,t1_dvo4wg4,"Yeah, I saw it on Twitter and thought it was fake. Then saw it again on Twitter from BBC, started believing. Opened up Reddit and saw this, now I'm just sitting here in disbelief.

Unrelated, I had no idea he was 76.",t3_84anfy
223,t1_dvo4wg4,[deleted],t3_84anfy
224,t1_dvo5obb,[deleted],t3_84anfy
225,t1_dvo5obb,Well said. Thanks for sharing that quote.,t3_84anfy
226,t1_dvo4qu8,"I don't know why this hit me as hard as it did. 

I feel like I lost someone dear I knew ... 

Rest in peace & thank you for all the inspiration and wisdom Professor. 


EDIT: slight correction",t3_84anfy
227,t1_dvo4qu8,">They gave you 2 years in 1963.

Holy shit, what a champ",t3_84anfy
228,t1_dvo4qu8,"My aunt died 2 weeks ago, my grandfather died a few days ago and now I find this news out...Iâ€™m having a hard time keeping it together.",t3_84anfy
229,t1_dvo4qu8,[deleted],t3_84anfy
230,t1_dvo4qu8,Definitely rip. Professor and inspiration to so many,t3_84anfy
231,t1_dvo4qu8,"He beat the hell out of the odds. I have no idea how he lived this long, but the world is better for it.

>God may not play dice with the universe

This quote you chose is interesting though. It's something Einstein said, and it doesn't really have anything to do with God or chance/destiny. It was about quantum mechanics. Einstein didn't like the theory, because he subscribed to scientific determinism, the idea that anything can be predicted through science. Quantum mechanics is all about probabilities, and it makes it impossible to predict exactly what will happen at any given time. Quantum mechanics theorizes that a particle is essentially a probability distribution (a wave function), and Heisenberg's Uncertainty Principle states that the more accurately you measure a particle's position, the less accurately you are able to measure its momentum (and therefore its velocity). This is defined by Î”xÎ”p > hÏ€, where Î”x is uncertainty in position, Î”p is uncertainty in momentum, and h is Planck's constant. Because of this inherent uncertainty built into quantum mechanics, it makes it impossible to predict exactly how a particle will behave in the future. As I said earlier, Einstein didn't like this, and he said ""God does not play dice with the universe"" in criticism of quantum mechanics.

Stephen Hawking gave a lecture titled ""Does God  Play Dice"" in which he argued that not only is quantum mechanics a valid theory (this was widely accepted by this point as it's been experimentally verified over and over), but black holes further hurt the case of scientific determinism because they destroy information, making it even more difficult to predict the future. So, interestingly enough, Hawking's conclusion is that God *does* play dice with the universe.

**TL;DR** Hawking gave a lecture in which he concluded that God does play dice with the universe. 

RIP Dr. Hawking",t3_84anfy
232,t1_dvo6lvx,"If there was ever a wizard in this world, it was him. He was too busy deciphering the mysteries of the void to concern himself with petty affairs such as ""movement"" and ""physical activity.""

May he rest in peace.",t3_84anfy
233,t1_dvo6lvx,His charisma and wisdom weren't too shabby either.,t3_84anfy
234,t1_dvo5lv2,thats so sweet..,t3_84anfy
235,t1_dvo4sp7,"Same, his ideas have always sparked me to think deeper about the universe around us, and he has been a great influence to the lives of many.",t3_84anfy
236,t1_dvo4sp7,"For the sake of the species, don't give up.

I realize fully how pretentious this sounds, but there's a reason this universe isn't populated with Intergalactic civilizations. We might not know this reason but science is the only way we can ever hope to find out",t3_84anfy
237,t1_dvo4sp7,I thought he didnâ€™t believe in the other side?,t3_84anfy
238,t1_dvo5nly,"> One, remember to look up at the stars and not down at your feet.

Unless you're a geologist, in which case you probably should. ",t3_84anfy
239,t1_dvo5uwy,"The scene in question from Star Trek The Next Generation; Season 6, Episode 26 ""Descent (1 of 2)""
https://www.youtube.com/watch?v=mg8_cKxJZJY",t3_84anfy
240,t1_dvo5uwy,"Heâ€™s so iconic that Iâ€™m sure heâ€™ll be a legend for many, many generations.",t3_84anfy
241,t1_dvo5uwy,Well to be fair his contributions to the field aren't as significant as those of those guys but I'm sure that for his still significant career and work outside of physics as a science communicator he won't be soon forgotten.,t3_84anfy
242,t1_dvo5uwy,"The man's brilliance aside, this is the first time I've seen his humour being appreciated. I didn't even realise that characteristic of his. I often find myself chuckling at some of the self deprecating jokes in his videos.",t3_84anfy
243,t1_dvo6r7j,"That movie is great. Also, you know that your book is good when it's being read by a wizard in the Leaky Cauldron in Harry Potter. 

We've lost one of the world's greatest minds this day",t3_84anfy
244,t1_dvo4tu1,Dying stars go out with the largest bang in the cosmos. ,t3_84anfy
245,t1_dvo4tu1,[deleted],t3_84anfy
246,t1_dvo8v2x,At least he knows for sure wether or not there is an afterlife. ,t3_84anfy
247,t1_dvo51m5,"In a statement his children, Lucy, Robert and Tim, said: ""We are deeply saddened that our beloved father passed away today. He was a great scientist and an extraordinary man whose work and legacy will live on for many years.""

""He once said, 'It would not be much of a universe if it wasn't home to the people you love.' We will miss him forever.""

",t3_84anfy
248,t1_dvo4vd8,See also [his interview with John Oliver ](https://youtu.be/OPV3D7f3bHY) ,t3_84anfy
249,t1_dvo4vd8,"That was perfect. Toward the end:

Moe: Alright who's paying the tab?

Homer: I. Am.

Hawking: I did not say that. *punches Homer*",t3_84anfy
250,t1_dvo4vd8,"Yeah, I loved his answer to [this question](https://www.youtube.com/watch?v=R8s6P3Tu1QM). Just such an amazing person.",t3_84anfy
251,t1_dvo4x3y,"For a second I was like 'how is pi a different number in europe..'  i guess it's bedtime.

This is very sad news but it really is amazing how much he accomplished in spite of ALS. ",t3_84anfy
252,t1_dvo4x3y,even more is that Albert Einstein was born on Pi day,t3_84anfy
253,t1_dvo5bkj,"Lil pump

/s",t3_84anfy
254,t1_dvo4wqr,Same here,t3_84anfy
255,t1_dvo6qhc,I am so so sorry for your loss. I wish there were words to make it okay.,t3_84anfy
256,t1_dvo6qhc,I'm so sorry. Internet hug and lots of strength for you. ,t3_84anfy
257,t1_dvo6qhc,My condolences.,t3_84anfy
258,t1_dvo6qhc,Sending love ,t3_84anfy
259,t1_dvo6qhc,I'm so sorry for your loss.,t3_84anfy
260,t1_dvo6qhc,Hang in there my friend ,t3_84anfy
261,t1_dvo6qhc,"I am sorry for you losses. Please keep looking up at the stars, and not down at your feet. Make them proud, my friend. :)",t3_84anfy
262,t1_dvo6qhc,he ascended through space-time with good company. stay strong ,t3_84anfy
263,t1_dvo61gg,"> I don't know what to do with myself

I was in the same situation and you know what I did? I opened up my laptop and started doing some homework. He would have loved for us to keep working and advance humanity's knowledge, right? 
Well, let's do just that :')",t3_84anfy
264,t1_dvo5k71,Wh-what do you mean... It's not raining. ,t3_84anfy
265,t1_dvo5b02,Prob visibility. AskReddit is one of the largest subreddits.,t3_84anfy
266,t1_dvo5b02,They always have megathreads for major world events on the default subs,t3_84anfy
267,t1_dvo6q2z,Today also happens to be Albert Einsteinâ€™s birthday. ,t3_84anfy
268,t1_dvo679u,It's my top 9 posts on my front page.  It really shouldn't be on /r/askreddit ,t3_84anfy
269,t1_dvo4s0u,"Oh for fucks sake, yes it is sad but it's no tragedy.  Dude lived way past expectancy.",t3_84anfy
270,t1_dvo617b,Ikr,t3_84anfy
271,t1_dvobrda,"Mine too, Happy birthday!",t3_84anfy
272,t1_dvo6mdj,Iâ€™m so happy that you found it again!,t3_84anfy
273,t1_dvo5uuv,"The Simpsons too :)

Edit: unnecessary apostrophe",t3_84anfy
274,t1_dvo5uuv,"When visiting the set of Star Trek TNG, he stopped by the transporter and said, ""I'm working on that."" :(",t3_84anfy
275,t1_dvo5uuv,He loved science fiction.  He even had a small scifi show of his own where small scifi stories were made into hour long shows.,t3_84anfy
276,t1_dvo5uuv,">He voiced himself.. 

I mean... ",t3_84anfy
277,t1_dvo5uuv,He is also featured on Pink Floyd's last album.,t3_84anfy
278,t1_dvo5uuv,Spooky the episode of futurama he did was actually just on tv a few hours ago,t3_84anfy
279,t1_dvo5uuv,"I loved when he was on comedy shows, the jokes he would say were usually made better by the deadpan delivery of the synthetic voice. Ha. Ha. Ha.

Truly the world lost a great man and mind. I fully believe a lesser man would have died back when he was supposed to; his intellect had other plans and was so strong he willed his body to live 50 years longer than it should have. The science and vision in his mind allowed him to visualize things most of us probably couldn't comprehend. Although his body was frail, his mind allowed him to make the greatest adventures of all into the great abyss of the unknown; I would trade my able body in a heartbeat to think as he did and see things the way he saw them. The greatest mind I'll probably see in my lifetime. Be at peace, professor, you earned it.",t3_84anfy
280,t1_dvo5uuv,Also collaborated on a Pink Floyd song!,t3_84anfy
281,t1_dvo5wgl,"Yes they do, it's called ""Keep talking"" :)",t3_84anfy
282,t1_dvo630k,That man accomplished more than most people ever could with nothing but pure willpower. Godspeed.,t3_84anfy
283,t1_dvo64td,"My purpose in life is to annoy the shit out of my wife and kids.

I know that I will outlive them.

As was said in the scrolls of Shadizar.",t3_84anfy
284,t1_dvo64td,"As someone with Cystic Fibrosis who was told since birth that I'd die at age 30, this hits home. And I already cheated death once so hopefully I can summon as much fight in me to keep going like Hawking",t3_84anfy
285,t1_dvo64td,"we needed him, and he stayed for us as long as he could.",t3_84anfy
286,t1_dvo64td,"I feel that humanity has lost a **lot** of brainpower because of Proff. Hawking's death. We must just remember **one** thing he said; ""We should not try to contact aliens because if they come here, they will look at us like we look at ants."" ",t3_84anfy
287,t1_dvo5jkh,yeah i've read somewhere that it might not even be classified as ALS specifically.,t3_84anfy
288,t1_dvo5jkh,There is another theory that his wheelchair was sentient and kept him alive.,t3_84anfy
289,t1_dvo5jkh,Wasn't he very hesitant have doctors run further tests on him? Heard it from an ALS researcher that doubted his diagnosis ,t3_84anfy
290,t1_dvo5jkh,"It was the inheritable juvenile ALS that becoes apparent around tbe age of 20. Should you get the non-inheritable version, usually at the age of 30-40, then the maximum life expectancy is 5 years.",t3_84anfy
291,t1_dvo708j,There is a theory that it is not really ALS as we know it but a variation. Anyway he fought hard. I really would love to know what his last words were...,t3_84anfy
292,t1_dvo5cyp,"I used to be 115 lbs heavier, no way would I have lived to his age",t3_84anfy
293,t1_dvo5vhh,"I had a stark realization recently:  We were only blessed with Stephen Hawking's genius because of the technology that made it possible for him to communicate with the world.  How many came before him and before this technology, without a way to express themselves?  That thought sends chills down my spine like few others.",t3_84anfy
294,t1_dvo6ce6,"I recall a conversation from a few years ago where a couple doctors were discussing Hawking and his ALS diagnosis. Because literally almost no one survives as long as he had with ALS, they were convinced that he must have some other disease, perhaps a disease that medical science isn't yet aware of. So maybe he survived so long because he had something similar to ALS, but different.",t3_84anfy
295,t1_dvo6ce6,"My dad had ALS and died about 4 months ago. Which was only 1 year after his first symptom.

At his funeral, many of his friends / coworkers told our family that he was the smartest man they had ever met. He was a lead electrical engineer. He has a great relationship with my mom, tons of friends, passions, and a stable positive outlook on life. He enjoyed being alive and wanted to be here. 

When he was getting weaker, the doctors made sure we knew that your will to live doesnâ€™t matter much in fighting the disease. ALS doesnâ€™t care how hard you fight it or how smart you are. Itâ€™s going to run its course the way it will regardless. Every case of the disease is different.

Resources like a feeding tube and ventilator can help extend your life. So I would consider having those installed to be â€œfighting the disease.â€ My dad didnâ€™t want to extend his life with those because he couldnâ€™t move his arms or legs, sit up, enjoy food, use the toilet, or breathe on his own. So whatâ€™s the point in extending a condition that requires strenuous 24/7 caregiving? Which is totally understandable because I wouldnâ€™t either (no offense to anyone who decides to, but itâ€™s very much a personal decision).

I really appreciate you asking this question because as Ive been reading through comments that say heâ€™s so strong for fighting the disease, I canâ€™t help but want to scream â€œthatâ€™s not how it works!â€ I know itâ€™s a common phrase to use with any disease, and Iâ€™m not actually offended or upset. But I do know that if someone with ALS could slow or change the course of the disease with their mindset or intelligence level, my dad and many other people would still be around.",t3_84anfy
296,t1_dvo6a8g,"Only 300, you poor simpleton. Hope they can teach you to feed yourself. ",t3_84anfy
297,t1_dvo6a8g,"Psssh, you need a far higher IQ to understand the subtlety and nuance of the humor in Rick and Morty. Wubba lubba dub dub!",t3_84anfy
298,t1_dvo7b76,Thank you. Itâ€™s tough. She canâ€™t speak at all anymore but she does have a little tablet that she can type on to. I appreciate your thoughtfulness. ,t3_84anfy
299,t1_dvo7b76,My dad died after about 4 years. It always amazed me that Stephen hawking was still kicking knowing what I know about the disease. ,t3_84anfy
300,t1_dvo8d32,I think the speed of the illness was one of the most shocking things for me. ,t3_84anfy
301,t1_dvo8d32,That sucks man. Sorry. ,t3_84anfy
302,t1_dvo6mtp,His interview with John Oliver is also amazing too,t3_84anfy
303,t1_dvo6mtp,He will be remembered for ever.,t3_84anfy
304,t1_dvo4von,">""Iâ€™m not afraid of death, but Iâ€™m in no hurry to die. I have so much I want to do first.""

\- Stephen Hawking

He really lived by that quote, it's just too bad he didn't get to do more.",t3_84anfy
305,t1_dvo4von,"What we do in life, echoes in eternity.",t3_84anfy
306,t1_dvo6eam,"We've lost another brilliant mind,

A bittersweet goodbye,

Now Steve can leave his chair behind,

The Hawk is in the sky.",t3_84anfy
307,t1_dvo6eam,[deleted],t3_84anfy
308,t1_dvo6eam,"And here come the tears even worse.. beautiful poem, and a tragically sad day.. R.I.P. Stephen Hawking.",t3_84anfy
309,t1_dvo6eam,"I just saw someone post a poem in relation to this. My first thought was you.

I'm so fucking *glad* you had something to say here. Perfectly put, Sprog.",t3_84anfy
310,t1_dvo6eam,I love you. ,t3_84anfy
311,t1_dvo5dti,And on Einstein's bday as well,t3_84anfy
312,t1_dvo5dti,And born on the 300th anniversary of Galileo's death? Almost makes you wonder,t3_84anfy
313,t1_dvo59k5,He died on pi day too. What are the odds of that. ,t3_84anfy
314,t1_dvo6gxk,"76?  why such a low target age?  i'm shooting for 90.  but hopefully within 30 years, scientific breakthroughs will allow me to live to 100.",t3_84anfy
315,t1_dvo5nee,Musk isn't a Hawking. He's got big ideas and determination (and now the $ to see it through) but is no great mind like Einstein or Hawking. ,t3_84anfy
316,t1_dvo5nee,"Musk is nowhere near the level of Stephen Hawking. Heâ€™s just a billionaire who funds space ventures to chase profit and personal curiosity; the vast majority of the ideas heâ€™s usually credited for come from the network of scientists, engineers, etc he employs. Donâ€™t let him take their credit, and definitely donâ€™t say he has the same brilliance as Hawking.",t3_84anfy
317,t1_dvo5e4n,"I feel like his ALS is part of the reason he felt immortal. The fact that he made it *so far* despite being diagnosed with Lou Gehrig's disease, despite being given only a few years to live 50+ years ago... the guy was a legend, and the fact that he had made it this far almost made it same seem like death was out of the question. That's what makes this news all the more shocking and disheartening...",t3_84anfy
318,t1_dvo5e4n,I feel the exact same. When my friend told me I thought he was playing some sick joke. :( May he rest in peace,t3_84anfy
319,t1_dvo5e4n,"I read the headline and thought, ""Was he sick? I mean, other than the ALS?""",t3_84anfy
320,t1_dvo5e4n,"Yes this made me pretty sad. I mean, he beat the odds all this time. This just seems kind of sudden to me. ",t3_84anfy
321,t1_dvo5e4n,"Yea, I though he would merge with his computer well before that. ",t3_84anfy
322,t1_dvo4yu1,I thought the same thing. Stephen Hawking was just always there. ,t3_84anfy
323,t1_dvo4yu1,"Agreed, I do remember wondering a few times when he was going to pass but the actual thought never really occurred to me. He just kept kicking through so much.",t3_84anfy
324,t1_dvo4yu1,Me too. ,t3_84anfy
325,t1_dvo4yu1,"I feel like people probably felt the same about Einstein. He was just kind a the genius of the time, and nobody expected for him to ever go away. Weird fact, Einstein also died at the age of 76. ",t3_84anfy
326,t1_dvo4yu1,He will be around forever in a way. We have his ideas that will live on.,t3_84anfy
327,t1_dvo4yu1,"I completely agree.. it's weird how we all are shocked. I guess I thought he'd live past 100 or something, but I didn't realize it until now",t3_84anfy
328,t1_dvo5u1k,"Ya know, come to think of it I don't know that I've ever heard a bad word about the guy. It's petty rare that a person can be as famous as he was without something coming out, or just making an ass of themselves, but he seems like he was above that.",t3_84anfy
329,t1_dvo8cf1,"*My body may be shackled, but my mind wanders free.*",t3_84anfy
330,t1_dvo9p0d,"On a similar note, I told my husband I was going to Nebraska for a few days for a tournament and he said ""Nebraska, huh? Which state is that in again?""",t3_84anfy
331,t1_dvo7ymt,give it 60 years and we will see,t3_84anfy
332,t1_dvo7ymt,I was born this date in '92. Who knows what'll happen!,t3_84anfy
333,t1_dvo7j3z,omg reincarnation of Einstein??,t3_84anfy
334,t1_dvo7j3z,Birth and death dates from Galileo's time also weren't the most accurate. He could as well been 76.,t3_84anfy
335,t1_dvo7xwe,"Only in America, and Hawking was British.",t3_84anfy
336,t1_dvo8d34,">full circle

Nice.",t3_84anfy
337,t1_dvo6f3v,"Not gonna lie. Thought he was older. This mufucka been around forever. Meanwhile I'm  sitting here drinking Carlo rossi like it's water hoping I live till 50. God damn, I'm an idiot.",t3_84anfy
338,t1_dvo6f3v,"When you consider an AskReddit mod a more trustworthy source of news than BBC.

Understandable.",t3_84anfy
339,t1_dvo6bhq,"By making an ""observation"" you killed him, bro",t3_84anfy
340,t1_dvo6bhq,Creeps me out when this stuff happens. The day before yesterday I said to my girlfriend â€œthe world is gonna go nuts when Stephen Hawking diesâ€ and then she woke me up this morning to tell me this.,t3_84anfy
341,t1_dvo6bhq,"A couple of days ago I was watching The Big Bang Theory on TV, and Stephen Hawking was on it (the episode where Howard makes his action figure) and my mom commented what a  spectacular man he was, and that he had a universe of his own in his mind. Yikes.",t3_84anfy
342,t1_dvocwq0,"GNU Stephen Hawking, and GNU Sir Terry Pratchett.",t3_84anfy
343,t1_dvo5ozt,I'm feeling the same way. Stephen Hawking has been there my whole life. It feels really really weird to know that he's no longer with us. Godspeed professor,t3_84anfy
344,t1_dvo5q0y,"Have a hug, and keep strong. ",t3_84anfy
345,t1_dvo5q0y,Want to vent about it? Maybe just texting it out could help. It's the best I can do from here. What did each mean to you? ,t3_84anfy
346,t1_dvo5q0y,My condolences ,t3_84anfy
347,t1_dvo5q0y,"Shoot me a message, I'm kind of stuck in life and wouldn't mind making a friend. ",t3_84anfy
348,t1_dvo5q0y,Sending so many internet hugs ðŸ’œ,t3_84anfy
349,t1_dvo5q0y,I'm sorry to read that-my condolences,t3_84anfy
350,t1_dvo5q0y,"Even when we lose the ones we love, they will live forever in our hearts.",t3_84anfy
351,t1_dvo5q0y,I'm so sorry to hear that. Have a hug. ,t3_84anfy
352,t1_dvo5q0y,"Hey man, I can't even imagine what you might be going through, but I can try my best to help. You can message me anytime if you would want someone to talk to <3",t3_84anfy
353,t1_dvo5s4z,"Right?! It was like; ""two years to live? Fuck that shit! I got science to do!""  Dude was as baller till the end. Props.  *wipes tear*.  ",t3_84anfy
354,t1_dvo8b4f,"Tangential but it has been really interesting seeing redditors grapple with respectfully noting the passing of someone who did not, himself, believe in an afterlife. People are so used to couching this stuff in those terms.


>We are each free to believe what we want and it is my view that the simplest explanation is there is no God. No one created the universe and no one directs our fate. This leads me to a profound realization. There is probably no heaven, and no afterlife either. We have this one life to appreciate the grand design of the universe, and for that, I am extremely grateful.

\- Hawking, 2011",t3_84anfy
355,t1_dvo7675,"""A wizard arrives precisely when he means to.""

Maybe that explains the dates of his birth and death.",t3_84anfy
356,t1_dvo6bqv,I guess he knows now.,t3_84anfy
357,t1_dvo6jv8,"He had such a shit-eating grin, you can tell he was enjoying himself there ",t3_84anfy
358,t1_dvo77mo,"His story of being an important contributor and populariser of science despite his condition will also help his legacy live on for at least a while. Doing the work he did is impressive for an able bodied person, doing it with his condition is pretty damned inspirational and is part of the reason he's the icon he is/was. ",t3_84anfy
359,t1_dvo6l5l,"Oh god, this made me tear up.",t3_84anfy
360,t1_dvo6ctj,?,t3_84anfy
361,t1_dvo58lg,"â€œIf there are an infinite number of parallel universes, is there one where I am smarter than you?â€

â€œYes. And also a universe where youâ€™re funnyâ€",t3_84anfy
362,t1_dvo58lg,"""Why should I not be excited about fighting a robot?""

""You would lose.""",t3_84anfy
363,t1_dvo5cfh,"'Pizza, pizza. Pizza, pizza. Pizza, pizza. Pizza, pizza. Sorry, that button sticks' - Prof. Stephen Hawking",t3_84anfy
364,t1_dvo5cfh,"""Are you that guy who invented gravity?"" 

""Sure, why not""",t3_84anfy
365,t1_dvo77m2,"WHOA WHAT ARE THE ODDS OF THAT?!


(0.0027378507871321 for anyone wondering, assuming we don't factor in stuff like people having more sex on weekends and valentines day and whatnot)",t3_84anfy
366,t1_dvo6944,Yes. It is.,t3_84anfy
367,t1_dvo5tsq,"Yeah, not sure anyone would even know if it wasn't posted here",t3_84anfy
368,t1_dvo6168,"""Homer, your theory of a donut shaped universe intrigues me. I will have to steal it.""",t3_84anfy
369,t1_dvo6168,Recurred on Big Bang Theory as well.,t3_84anfy
370,t1_dvo6168,"If you're looking for trouble, then you've found it...",t3_84anfy
371,t1_dvob33d,"Another factoid re: TNG

In the final episode there's a timeskip and Picard meets Data in the future. Only, in this future he's ""Professor Data"" and was the 24th individual to hold the *Lucasian Chair of Mathematics* at University of Cambridge.

Other notable Lucasian Proffessors?

Professorship #2 - Sir Isaac Newton

Professorship #17 - *Stephen Hawking*",t3_84anfy
372,t1_dvo63y9,Do have any links to this? Sounds interesting.,t3_84anfy
373,t1_dvodhya,"I always wondered what that meant. Did they send him a script, and he just retyped it? How exactly did this go down? ",t3_84anfy
374,t1_dvogycv,Their last two albums actually: Keep Talking on The Division Bell and Talkin' Hawkin' on The Endless River.,t3_84anfy
375,t1_dvo6w71,"That's always been a favourite of mine.

*It doesn't have to be like this... all we need to do is keep talking.*",t3_84anfy
376,t1_dvo6w71,I always hated the division bell but after listening to that song I may have to revisit it. Great song!,t3_84anfy
377,t1_dvo6w71,"It's a fantastic song, one of my favorites. [Have a listen.](https://www.youtube.com/watch?v=HJ7zbzJZsjs)",t3_84anfy
378,t1_dvo6tdp,"Well, he was also a genius.",t3_84anfy
379,t1_dvo6tdp,Likely a bit of medicine and technology might also have contributed.,t3_84anfy
380,t1_dvo6tdp,He also didn't lose any of his positivity. Remember that tweet from 2016 Halloween where he asked what should be his Halloween costume?,t3_84anfy
381,t1_dvo6tdp,[deleted],t3_84anfy
382,t1_dvo6p0g,"My purpose in life

is to annoy the shit out

of my wife and kids",t3_84anfy
383,t1_dvo68tw,"Yeah, there's a few theorys out there that say he didn't exactly have ALS but something very similar that probably had to do with him living way longer than expected.",t3_84anfy
384,t1_dvo6qbg,Theres also an actual theory that he died long ago (as an ALS patient should have) and was replaced with a double.,t3_84anfy
385,t1_dvo6fwv,He probably didn't want to know at that point.,t3_84anfy
386,t1_dvo80ji,[removed],t3_84anfy
387,t1_dvo80ji,connection lost,t3_84anfy
388,t1_dvo5k8a,You still might not!,t3_84anfy
389,t1_dvo7uza,Thereâ€™s many such cases around sadly. So many people not given the chance to contribute to humanity. My main example would be Matvei Bronstein. A Russian physicist who was the first to realize that quantum gravity changes the nature of spacetime. He was arrested at an age of 30 and shortly thereafter excecuted because he believed in communism without Stalinism. Itâ€™s hard to imagine how much he couldâ€™ve contributed.,t3_84anfy
390,t1_dvo7uza,This is why we gotta give every kid (globally) a fighting chance to be successful. You never know who is going to solve the next major crisis.,t3_84anfy
391,t1_dvo7uza,"Not only that, but could you imagine the pure frustration that would come from having such a brilliant mind, but absolutely no way of communicating. Only ever being able to observe and unable to correct or build upon anyone's observations.",t3_84anfy
392,t1_dvo7uza,"How many child soldiers die at 15/16, with no chance to become the next Stephen Hawking?

 ",t3_84anfy
393,t1_dvo6zr3,"Friend in med school has said something similar. One day they talked about ALS and someone brought up Hawking and the prof more or less went â€œhes Stephen fucking Hawking, medical science gave up long ago telling him what he can and canâ€™t doâ€ before going into a serious discussion about how it could be something like ALS but they havenâ€™t figured it out yet. ",t3_84anfy
394,t1_dvo872z,"Begone mere mortals, for I have achieved an IQ so high that no one but I can even conceive of the number.",t3_84anfy
395,t1_dvo7g3k,"Absolutely, my heart goes out to you. If for whatever reason you need a stranger to talk to, I'll be available. :) <3",t3_84anfy
396,t1_dvo7g3k,"Yeah, it's tragic. Been there as well. Both my mums parents died of ALS, my grandfather before I was born and my grandmother when I was 10. I remember having the board, it's almost worse than not talking. I just remember my grandma getting so frustrated when we didn't get what she was saying. My whole heart goes out to you and I hope that it doesn't get harder because the worst part is it doesn't get easier. 

It's crazy that hawking survived so long with it. It's testament to what sheer human willpower can do. I wish you all the best man. ",t3_84anfy
397,t1_dvo79rh,I will have to check that out :),t3_84anfy
398,t1_dvo5lon,"Considering he was given two to four years to live after his diagnosis, I'd say its quite amazing what he did achieve. but I agree that even two more years would've been wonderful. ",t3_84anfy
399,t1_dvo5lon,I feel bad for wasting so much time on reddit,t3_84anfy
400,t1_dvo8ilw,"This was very clever, I'm sorry if ya get overshadowed. ",t3_84anfy
401,t1_dvo749j,Hadn't started crying until this comment. Thank you.,t3_84anfy
402,t1_dvo749j,"...this quote is great for grieving people in general, and made me tear up. Thanks.",t3_84anfy
403,t1_dvo5t0q,And he died at the same age as Einstein ,t3_84anfy
404,t1_dvo5i0s,We must find the next reincarnation! ,t3_84anfy
405,t1_dvo5i0s,"And on Einstein's birthday. Somewhere out there, the next ~~Avatar~~ great scientific mind just got reincarnated",t3_84anfy
406,t1_dvo5i0s,Almost. Then rationality sets in. ;),t3_84anfy
407,t1_dvo5ely,About 1/365.25,t3_84anfy
408,t1_dvo5ely,the ~~stars~~ black holes aligned. RIP,t3_84anfy
409,t1_dvo5ely,Born on Galileo's deathday and dies on Einstein's birthday.,t3_84anfy
410,t1_dvo7zhb,It seems practical. I have a gut feeling the average life expectancy isn't going to go up much in the U.S. Also heart disease and cancer is not uncommon in my family and to top it off I'm very uncoordinated and trip over my own feet lol.,t3_84anfy
411,t1_dvo75mb,"Totally agree.

With that in mind, who *are*  the next rounds of Hawking and Einstein. Seems like a really small field. Or perhaps science is too splintered now and no one can follow in the footsteps of these giants?",t3_84anfy
412,t1_dvo5r8o,And the fact that he never let his disease stop him from living his life..,t3_84anfy
413,t1_dvo5xcb,"I found out from a gif on here, I almost called the person a lying shit but googled it first. I was heartbroken, that man is extraordinary ",t3_84anfy
414,t1_dvo98jv,"Yep same. I said to my mom â€œI wonder what happenedâ€. She just looked at me like â€œhe had ALSâ€. Of course, I just didnâ€™t look at him that way. So strange. What a great man.",t3_84anfy
415,t1_dvo5rke,"I guess he was just sort of perpetual. He was doing stuff before me, I guess I expected him to just keep doing things until after me. It just never crossed my mind that he would be gone or that he wouldn't be the first cyborg or brain uploaded to the internet or something.

I'm gonna go watch a documentary ",t3_84anfy
416,t1_dvo5rke,Somehow I just thought he'd never die,t3_84anfy
417,t1_dvo591o,We might have bit too much into the sentient wheelchair theory.,t3_84anfy
418,t1_dvo87kh,A few years if he/she turns out to be a child prodigy.,t3_84anfy
419,t1_dvo833z,H-how? Einstein was still alive when he was born.,t3_84anfy
420,t1_dvobvwh,"Well considering there's no 14th month, if you celebrate Pi day you need to do so with an American calendar, educators all over the world celebrate it today.",t3_84anfy
421,t1_dvo86bs,I thought he was like 50. The most surprising news to me was finding out heâ€™s 76!!!,t3_84anfy
422,t1_dvo86bs,"If you're feeling like this news is a wakeup call, answer it. Deep down you know who you are and what you can be. Nobody is guaranteed any amount of time alive, so be You. ",t3_84anfy
423,t1_dvo6gyy,[deleted],t3_84anfy
424,t1_dvo6gyy,I wonder who else is on his list ðŸ¤”,t3_84anfy
425,t1_dvo6gyy,"I did this to the last pope too. 
As well as my sisters dog. ",t3_84anfy
426,t1_dvo946o,What the hell have you done...?,t3_84anfy
427,t1_dvo946o,"The world has been continuously going nuts for quite some time, so her statement was a safe bet.",t3_84anfy
428,t1_dvoekfh,The story goes is that whole touring the set he paused in front of the warp core and said he was working on that.,t3_84anfy
429,t1_dvo9bk1,"Because we are made of the same elements as a star. Conversely, when a person dies they can turn into a star. ",t3_84anfy
430,t1_dvo6931,They even had a mini remote control version of him in one of the episodes he was in.,t3_84anfy
431,t1_dvo6931,"Looking forward to the dedication note that put on the next episode of BBT, which will unfortunately be in over 2 weeks due to March Madness.",t3_84anfy
432,t1_dvog1fq,https://en.m.wikipedia.org/wiki/Masters_of_Science_Fiction,t3_84anfy
433,t1_dvo7o1o,"High Hopes always hits me like a goddamn truck.  If nothing else, listen to the last track on the album.",t3_84anfy
434,t1_dvo7z23,Now we can study his brain!,t3_84anfy
435,t1_dvob5u4,And also a great deal of luck along the way.,t3_84anfy
436,t1_dvob5u4,Great minds keeping great minds alive.,t3_84anfy
437,t1_dvo7oqg,"Yeah, with that strong of a willpower it must have been magic.",t3_84anfy
438,t1_dvo947m,"I know that I will

outlive them.  As was said in

the Shadizar scrolls",t3_84anfy
439,t1_dvo6c0z,Yea probably because ALS is a bitch and bad illness.. took a friend away in two years ,t3_84anfy
440,t1_dvo6c0z,My aunt was diagnosed with ALS in the 60s too. Sheâ€™s in her 80â€™s now. Maybe similar for her. ,t3_84anfy
441,t1_dvo80w4,And theres a theory that that his double is was a time traveller.,t3_84anfy
442,t1_dvo80w4,Yeah. Heâ€™s with Tupac at the Illuminati hotel in Cuba. ,t3_84anfy
443,t1_dvo9x9a,Oh man. This is incredible and fucked up at the same time,t3_84anfy
444,t1_dvo9x9a,Goddammit,t3_84anfy
445,t1_dvo9x9a,I was expecting a Rick roll. This was so much better,t3_84anfy
446,t1_dvo9x9a,"If I were him, I would've programmed my speech computer to say ""ha ha ha"" in a week or so if I felt my death coming. And put this sound on a shortcut.",t3_84anfy
447,t1_dvo9x9a,This is honestly something he probably wouldâ€™ve thought hilarious,t3_84anfy
448,t1_dvo9x9a,You fucking savage. +1,t3_84anfy
449,t1_dvo9x9a,Oh fuck.  My sides. Lol. ,t3_84anfy
450,t1_dvo9x9a,https://youtu.be/KXSJNBGUH_o,t3_84anfy
451,t1_dvo9x9a,I feel so ashamed for snort-laughing at that,t3_84anfy
452,t1_dvo9x9a,"Savage, pure savage.",t3_84anfy
453,t1_dvo9x9a,"Oh. 


Shit. 

Hereâ€™s your upvote. ",t3_84anfy
454,t1_dvo9x9a,I canâ€™t stop laughing ,t3_84anfy
455,t1_dvo9x9a,/r/youtubehaiku ,t3_84anfy
456,t1_dvo9x9a,I didn't even have to turn my sound on to know what it is.  ,t3_84anfy
457,t1_dvo9x9a,I see you like to browse r/imgoingtohellforthis as well.,t3_84anfy
458,t1_dvo9x9a,Aahh that was amazing.,t3_84anfy
459,t1_dvo9x9a,That is gooood,t3_84anfy
460,t1_dvo9x9a,"Holy fuck, that was brutal.  Well played.",t3_84anfy
461,t1_dvo9x9a,Good lord that was beautiful.,t3_84anfy
462,t1_dvo9x9a,Take an upvote you heathen,t3_84anfy
463,t1_dvo9x9a,you legend,t3_84anfy
464,t1_dvo9x9a,OH NO,t3_84anfy
465,t1_dvo9x9a,r/imgoingtohellforthis,t3_84anfy
466,t1_dvo9x9a,You started a meme in a discord server,t3_84anfy
467,t1_dvo9x9a,"Dude I'm going to be telling my great grandchildren about the time I was on Reddit and this happened. 

This might be the funniest thing I've ever heard and I'll never laugh again like in that episode of The Simpsons.

Come to think of it, fuck you. You've ruined my life.",t3_84anfy
468,t1_dvo947n,"I'm upvoting you because Professor Hawking would have loved that joke. I was crying over his death, thank you for making me laugh. :')",t3_84anfy
469,t1_dvo947n,"The connection to the server has timed out...
...
...
...
... 
*Refresh*
...
...
...
...
404 error: page not found",t3_84anfy
470,t1_dvo66fx,Thanks for the kind thoughts!,t3_84anfy
471,t1_dvo66fx,Yay!! ðŸ˜€,t3_84anfy
472,t1_dvo66fx,"

 hardcore as fuck",t3_84anfy
473,t1_dvo66fx,Big if true,t3_84anfy
474,t1_dvoddfm,"> So many people not given the chance to contribute to humanity.

I think about that pretty often. Without the singlest shred of doubt, there ARE absolute geniuses who could have changed the world, but either died too young or were denied the means to do so.

Probably hundreds if not thousands of them. Or even more than that...",t3_84anfy
475,t1_dvoddfm,"Wow, just looked him up.  How sad!",t3_84anfy
476,t1_dvo8vez,"Thanks for making me laugh guys, going through a shitty depression episode and hearing about the professor's death makes me feel worse but at least I was able to laugh in this moment",t3_84anfy
477,t1_dvo8vez,"That's nice, but at least *I* have a high enough IQ to understand Rick and Morty. You will never know true humor.",t3_84anfy
478,t1_dvo8vez,#THIS GUY RICKS AND MORTIES,t3_84anfy
479,t1_dvo8vez,This individual u/AdmiralBiff watches the television series known as  Richard and Mortimer on Adult Swim.,t3_84anfy
480,t1_dvo8vez,I took an IQ test last week and scored a perfect 100. Try to beat that ,t3_84anfy
481,t1_dvo8vez,Pleb. I bet your IQ's at least *countable*. My IQ is transfinite.,t3_84anfy
482,t1_dvo62mv,"You are living in the age of information. Instant communication connects the world in a way people couldn't conceive of even a hundred years ago.  Don't feel bad at engaging with the rest of civilization. [Also, here's a video of a cat.](https://www.youtube.com/watch?v=UoUEQYjYgf4&index=14&list=FLG8OhOlSK9NuMtCsG7hH8jQ&t=0s)",t3_84anfy
483,t1_dvo62mv,"Reddit can be education. It's whatever you make it to be. I've learned so much from science, tech, DIY, history, art subreddits:)",t3_84anfy
484,t1_dvo62mv,[deleted],t3_84anfy
485,t1_dvocgt1,It made me bust out crying holy fuck.,t3_84anfy
486,t1_dvo60ne,It's almost as if Stephen chose this date on purpose...,t3_84anfy
487,t1_dvo68zs,"Yeah, just gotta wait till March 14th, 2318",t3_84anfy
488,t1_dvo7mb1,"Then, everything changed when the anti-intellectuals attacked.",t3_84anfy
489,t1_dvo7mb1,Also Newton's birthday and Marx's deathday. Also my birthday. ,t3_84anfy
490,t1_dvo7mb1,Hopefully it's not some Taiwanese child that dies at 8 years old from being worked to death. ,t3_84anfy
491,t1_dvo5rur,r/theydidthemath,t3_84anfy
492,t1_dvo7e21,"That's a good point: about the fields being splintered. I honestly don't know. The general public only really knows their names, not the details of their work so that might be a place to start. America doesn't focus on tbe academics like it should. ",t3_84anfy
493,t1_dvo6sch,"Stopped him from living his life?

He did way much more than just lived his life! He did more than vast majority of people can ever hope to do!

That man deserves a statue so big it shifts Earths center of gravity!",t3_84anfy
494,t1_dvo69bd,"> I guess he was just sort of perpetual. He was doing stuff before me, I guess I expected him to just keep doing things until after me. 

Reminds me of this comic strip from when Michael Jackson died. http://achewood.com/index.php?date=06282009

>the first brain uploaded to the internet

He still might be, depending on what they did with his brain.

",t3_84anfy
495,t1_dvo69bd,"Stephen Hawking was my first dive into space and 4th dimension theories. Remember seeing his first documentary in the mid 90's. I was flipping the channel from Nickelodeon. I think it was either the History or Discovery Channel. 

 ",t3_84anfy
496,t1_dvo69bd,Wow. This hits really close to home.. ,t3_84anfy
497,t1_dvoa1z5,Well I would expect nothing less from the next Science Avatar.,t3_84anfy
498,t1_dvoahp5,You get your logic and throw it out the fuckin window. We donâ€™t need that shit here,t3_84anfy
499,t1_dvocpbb,Pi approximation day is 7/22!!,t3_84anfy
500,t1_dvo7bxd,"""Chief, we got a lead on the Quantum Killer.""",t3_84anfy
501,t1_dvo71z4,I know a couple of billionaire politicians i'd like to nominate.,t3_84anfy
502,t1_dvoa8tx,"I am filled with deep regret.
(Honestly, I know itâ€™s just a coincidence but I do really feel weird about it because it feels like I was so flippant about it at the time, even within serious conversation and now Iâ€™m bummed that itâ€™s real)",t3_84anfy
503,t1_dvolxvj,What a badass line. I can't imagine I'd be that witty.,t3_84anfy
504,t1_dvofnxo,"Not even sure if those are his theories, but it seemed fitting.",t3_84anfy
505,t1_dvoaz4g,"I love March Madness and enjoy BBT, so I'm cool with that (my team has a key injury and this at least helped give a little perspective on that loss). They might be smart enough to have some film in the can for a sendoff, I hope..",t3_84anfy
506,t1_dvo8nw5,"Oh fuck, they're going to lose it like they did Kennedy's I just know it.",t3_84anfy
507,t1_dvo7rhk,Some sort of Stand power,t3_84anfy
508,t1_dvo7rhk,"He had ALS. You die from not being able to breath. He was on a respirator. That is what kept him alive. I imagine he had near zero muscle control/mass. Maybe even just the ability to look around, and blink. I do not know this for a fact, just a guess. My grandfather died from ALS. It is a horrible disease. God speed Professor Hawking. ",t3_84anfy
509,t1_dvo7rhk,Wouldn't it be cool if it really was some kind of magic or X-Men mutation or something. His genius brain was actually so beyond the average homosapiens and was in fact what we write about in fantasy and science fiction.,t3_84anfy
510,t1_dvo963r,"^HA ^^HA ^HA ^^HA ^HA ^^HA ^HA

""What's going on. Is the box broken?""

""No sir, he's hacked the mainframe and taken control of everything on the network. ***With his mind.***""",t3_84anfy
511,t1_dvo7yq9,Itâ€™s taken about two dozen people in my family. Just went to another funeral in February. ,t3_84anfy
512,t1_dvo8u8i,Well he did attend his own time travelling party.,t3_84anfy
513,t1_dvoiias,lol this is soooo fucked upðŸ˜‚ðŸ˜‚,t3_84anfy
514,t1_dvojjgh,"I too fear the ""Rick"" ""roll""..",t3_84anfy
515,t1_dvoe2ae,Or sing â€œDaisy Bellâ€ slowly as he dies ,t3_84anfy
516,t1_dvoe2ae,Or make it to where millions of Alexa units would randomly do it instead.,t3_84anfy
517,t1_dvohg6m,"BAAAAAAAAMMMM HE WENT THERE

",t3_84anfy
518,t1_dvob0kh,I really don't like crying over the deaths of famous people.  But this and robin Williams really choke me up.,t3_84anfy
519,t1_dvo6841,Could always use some morbid motivation.,t3_84anfy
520,t1_dvo6841,"Hey, you're not that guy!",t3_84anfy
521,t1_dvo9iie,"Stay strong, my friend, there are always highs and lows (at least for me), sometimes the highs just take a little climbing, I'm rooting for you <3 ",t3_84anfy
522,t1_dvojxic,"Pffft, transfinite, when will you people learn? There are only TWO kinds of IQ!",t3_84anfy
523,t1_dvo6g6x,"You just passed up perhaps the most perfect opportunity for a Rickroll. You could have caught hundreds, nay thousands of us teary-eyed innocents!",t3_84anfy
524,t1_dvo6blg,"This, exactly this. This applies so well to the internet, too. It will a resource for anything, depending on what you make of it. ",t3_84anfy
525,t1_dvo64ec,This stuff has to be connected. ,t3_84anfy
526,t1_dvo64ec,"Except he's english, so its 14. 03. For him",t3_84anfy
527,t1_dvo9ks7,Balls.,t3_84anfy
528,t1_dvoqyy1,"if he reincarnates then anyway, not much of an issue...",t3_84anfy
529,t1_dvo7iop,"> America doesn't focus on tbe academics like it should.

VAST understatement. And you know that, of course. The USA public is really quite ignorant when it comes to these things.

We all expect the release of the new Apple phone and all the tech that comes with it. But no one can name the person who, 20 years back, developed the breakthrough technology to bring us 4k photos or video with no artifacts, or what have you.

We have grown into a consumer society that simply expects everything will always improve. Yet we know nothing about *why* it would improve and have no regard for those who do the work.

This is, depending on who you read or listen to, the beginning of dystopia or an AI takeover.",t3_84anfy
530,t1_dvo7q7l,"Fuck dude, that's one hell of a comic. It was definitely the same with Michael. Thank you. ",t3_84anfy
531,t1_dvo7q7l,I liked how the other dude was doing the moonwalk in the background.,t3_84anfy
532,t1_dvoap00,"...Be right back, I have a story to write.",t3_84anfy
533,t1_dvoakkp,He double sleeved. ,t3_84anfy
534,t1_dvoajb0,"Didn't someone do that in a ""Who are you surprised is still alive?"" thread and kill Harper Lee?",t3_84anfy
535,t1_dvo94uk,I really hope they give his whole head to Matt Groening,t3_84anfy
536,t1_dvo94uk,"To be fair, most of Kennedy's brain was lost already. ",t3_84anfy
537,t1_dvo94uk,not sure if shot in head joke or something actually happened with his brain...,t3_84anfy
538,t1_dvo94uk,Or it will be in someone's basement like Einstein's brain was.,t3_84anfy
539,t1_dvo7v05,Horrry sheeeet!!,t3_84anfy
540,t1_dvo7v05,"Wouldn't it be hilariously ironic for a man, stuck in a chair, to have a Stand?",t3_84anfy
541,t1_dvo7v05,"Stand Masterã€ŒStephen Hawkingã€
Stand Nameã€ŒBlack Holes and Revelationsã€",t3_84anfy
542,t1_dvpo0rl,â€œoâ€ â€œkâ€,t3_84anfy
543,t1_dvovdff,Africa by Toto?,t3_84anfy
544,t1_dvpb1vq,Son of a...,t3_84anfy
545,t1_dvo6o5l,"â€œLife would be tragic if it werenâ€™t funnyâ€.

-Michael Scott",t3_84anfy
546,t1_dvo6o5l,"Hi there, I am interested in your rentals please. I am throwing a party and I would like it to be attacked by some monsters to spice things up. Also, what are the rates on babuskas? Iâ€™m looking to get 3 for a few hours as I need someone to mash potatoes for me. And are the nesting dolls included or do I bring my own? Thanks, any information is appreciated.",t3_84anfy
547,t1_dvo70vl,"Sorry I must've just accidentally switched accounts.

EDIT: dammit",t3_84anfy
548,t1_dvo9k1i,But what would be the good in that?,t3_84anfy
549,t1_dvo6mfp,Everyone please take a moment and do what you can for net neutrality :) ,t3_84anfy
550,t1_dvo6hap,Should we...should we call Nicolas Cage to see if any treasures are hidden in the secrets?,t3_84anfy
551,t1_dvo6hap,Illuminati confirmed.,t3_84anfy
552,t1_dvo6hap,Are we about to launch to next iteration of *Reddit* *Investigates*?,t3_84anfy
553,t1_dvotcci,Yeah true but that taiwanese kids delays the next reincarnation by however long it lives. Pretty inconsiderate if you ask me.,t3_84anfy
554,t1_dvo7yum,Your aiming this at the US but I don't think thats fair. Can you point me to one other country where the average citizen could name the person who invented 4k photos? I think most of it has to do with large corporations having teams invent these new technologies and the names mean nothing to us. The only reason the founder of SpaceX and Tesla is well known is because of his eccentric personality.,t3_84anfy
555,t1_dvo9m0t,r/Futurama...,t3_84anfy
556,t1_dvo9m0t,And he can transplant the brain into Homer.,t3_84anfy
557,t1_dvobbod,Oof,t3_84anfy
558,t1_dvobbod,"Kennedy had a little brain... A little here, a little there....",t3_84anfy
559,t1_dvob0ew,The Smithsonian has been known to lose samples. Like the original moon landing reels and parts of Kennedy's brain.,t3_84anfy
560,t1_dvo9br1,Oh mah god!,t3_84anfy
561,t1_dvo96cr,And then become a turtle?,t3_84anfy
562,t1_dvobiig,Ability: It makes it so you can't walk,t3_84anfy
563,t1_dvo7z8n,Something i thought of earlier (probably said many times before) but felt like I was quoting michael scott: â€œanything is a joke as long as someone laughsâ€ *right after making an offensive comment to someone where he was the only one laughing*,t3_84anfy
564,t1_dvo7ws8,Oops did it again.,t3_84anfy
565,t1_dvo6xhd,"""I'm going to steal Stephen Hawking's wheelchair""",t3_84anfy
566,t1_dvo6xhd,"Tom Hanks would be better, since this appears to be more of a DaVinci code situation.

Just don't travel with the man.",t3_84anfy
567,t1_dvo6xhd,No but we should keep track of everyone born on Einstein's birthday,t3_84anfy
568,t1_dvoatoe,I think he'd go more Futurama...,t3_84anfy
569,t1_dvofi1c,[deleted],t3_84anfy
570,t1_dvob70s,"The employees in the 60s were just on drugs and fucked up the filing... ""it got bettah""? 

Who knows",t3_84anfy
571,t1_dvo91a9,"Darn. Well, nobody's perfect.

It's me again.",t3_84anfy
572,t1_dvo7bwi,"""I fly to Hawking's chair. I shrink the chair, I grab the chair, I sit on the toilet- wait, what?""",t3_84anfy
573,t1_dvohqdh,Brainhurtingjuice,t3_84anfy
